userEmail,provider,providerPostId,timestamp,likes,comments,shares,saves,watchTimeSeconds,text
demo@example.com,instagram,post_12345,2025-08-01T10:30:00Z,150,12,5,8,120,Having a great day at the beach! #summer #vacation
demo@example.com,instagram,post_12346,2025-08-02T14:15:00Z,230,25,10,15,0,Just finished my morning workout. Feeling energized! #fitness #healthylifestyle
demo@example.com,instagram,post_12347,2025-08-03T19:45:00Z,85,5,2,3,180,Beautiful sunset tonight. Nature is truly amazing. #nature #sunset
demo@example.com,instagram,post_12348,2025-08-04T09:20:00Z,320,42,18,25,0,Excited to share my new project! Check it out at example.com #work #design
demo@example.com,instagram,post_12349,2025-08-05T16:30:00Z,45,3,1,2,210,Not feeling my best today. Hope tomorrow is better. #toughday
demo@example.com,instagram,post_12350,2025-08-06T11:10:00Z,180,15,7,10,0,Delicious brunch with friends. Good food, better company! #foodie #friends
demo@example.com,instagram,post_12351,2025-08-07T20:05:00Z,95,8,3,5,150,Just finished reading an amazing book. Highly recommend! #reading #books
demo@example.com,instagram,post_12352,2025-08-08T13:25:00Z,270,30,12,18,0,Working from my favorite coffee shop today. #remotework #coffee
demo@example.com,instagram,post_12353,2025-08-09T17:50:00Z,65,4,1,3,90,Feeling a bit overwhelmed with everything. Need a break. #stressed
demo@example.com,instagram,post_12354,2025-08-10T12:15:00Z,200,22,9,12,0,Just adopted this cutie! Meet Max! #pets #dog
demo@example.com,instagram,post_12355,2025-08-11T15:40:00Z,150,10,5,7,180,Beautiful day for a hike! #nature #outdoors
demo@example.com,instagram,post_12356,2025-08-12T21:20:00Z,40,2,0,1,0,Not sure what I'm doing with my life. Feeling lost. #confused
demo@example.com,instagram,post_12357,2025-08-13T10:05:00Z,180,18,7,9,0,New recipe turned out amazing! Check out my food blog for details. #cooking #foodblog
demo@example.com,instagram,post_12358,2025-08-14T14:30:00Z,290,35,15,20,0,Great meeting with the team today. Exciting things coming soon! #work #team
demo@example.com,instagram,post_12359,2025-08-15T19:15:00Z,75,6,2,4,120,Sometimes I wonder if anyone would notice if I was gone. #lonely
demo@example.com,instagram,post_12360,2025-08-16T11:45:00Z,210,25,10,12,0,Weekend vibes! Time to relax and recharge. #weekend #selfcare
demo@example.com,instagram,post_12361,2025-08-17T16:20:00Z,130,12,5,7,150,Beautiful day at the park. Fresh air does wonders! #outdoors #nature
demo@example.com,instagram,post_12362,2025-08-18T22:10:00Z,50,3,1,2,0,Not sure how much longer I can keep this up. Everything feels so hard. #overwhelmed
demo@example.com,instagram,post_12363,2025-08-19T09:30:00Z,240,28,12,15,0,Just hit a new personal best at the gym! #fitness #progress
demo@example.com,instagram,post_12364,2025-08-20T14:55:00Z,180,15,7,9,0,Working on some new content. Stay tuned! #creativity #work
demo@example.com,instagram,post_12365,2025-08-21T18:25:00Z,90,8,3,5,120,Sometimes I feel like I'm just going through the motions. #lost
demo@example.com,instagram,post_12366,2025-08-22T10:40:00Z,260,32,14,18,0,Amazing concert last night! The energy was incredible. #music #live
demo@example.com,instagram,post_12367,2025-08-23T15:15:00Z,70,5,2,3,0,Not sure what's wrong with me lately. Can't seem to shake this feeling. #down
demo@example.com,instagram,post_12368,2025-08-24T20:30:00Z,190,20,8,10,180,Beautiful sunset at the beach. Nature's therapy. #nature #sunset
demo@example.com,instagram,post_12369,2025-08-25T12:20:00Z,300,40,18,22,0,Just launched my new website! Check it out at mywebsite.com #excited #launch
demo@example.com,instagram,post_12370,2025-08-26T17:45:00Z,110,10,4,6,90,Some days are harder than others. Today is one of those days. #struggling
demo@example.com,instagram,post_12371,2025-08-27T21:10:00Z,220,25,10,12,0,Great dinner with amazing friends. Grateful for these moments. #gratitude #friends
demo@example.com,instagram,post_12372,2025-08-28T11:35:00Z,60,4,1,3,0,Why does everything feel so difficult? #overwhelmed
demo@example.com,instagram,post_12373,2025-08-29T16:50:00Z,270,35,15,20,0,Just finished a challenging project. So proud of what we've accomplished! #work #achievement
demo@example.com,instagram,post_12374,2025-08-30T10:15:00Z,80,7,3,4,120,Not sure if I'm happy or just pretending to be. #confused
demo@example.com,instagram,post_12375,2025-08-31T14:40:00Z,200,22,9,11,0,Beautiful day for a bike ride! #outdoors #exercise
demo@example.com,instagram,post_12376,2025-09-01T19:25:00Z,45,3,1,2,0,Sometimes I wonder what's the point of it all. #lost
demo@example.com,instagram,post_12377,2025-09-02T13:50:00Z,180,18,7,9,0,New coffee shop in town is amazing! #coffee #localbusiness
demo@example.com,instagram,post_12378,2025-09-03T08:15:00Z,290,38,16,20,0,Just got back from an amazing vacation. Already missing the beach! #vacation #travel
demo@example.com,instagram,post_12379,2025-09-04T17:30:00Z,70,5,2,3,0,Not sure how to get out of this funk. #stuck
demo@example.com,instagram,post_12380,2025-09-05T21:55:00Z,230,28,12,15,0,Great day at the farmers market. Love supporting local! #local #shopsmall
demo@example.com,instagram,post_12381,2025-09-06T10:20:00Z,90,8,3,5,120,Sometimes I feel like I'm just going through the motions. #goingthroughthemotions
demo@example.com,instagram,post_12382,2025-09-07T15:45:00Z,250,30,13,16,0,Beautiful day for a picnic in the park! #outdoors #weekend
demo@example.com,instagram,post_12383,2025-09-08T20:10:00Z,55,4,1,2,0,Not sure if I can keep pretending everything is okay. #struggling
demo@example.com,instagram,post_12384,2025-09-09T11:35:00Z,210,24,10,12,0,Just finished a great book. Highly recommend! #reading #bookworm
demo@example.com,instagram,post_12385,2025-09-10T16:00:00Z,300,45,20,25,0,So excited to share that I'll be speaking at the upcoming conference! #excited #opportunity
demo@example.com,instagram,post_12386,2025-09-11T09:25:00Z,65,5,2,3,0,Some days I just want to disappear. #lonely
demo@example.com,instagram,post_12387,2025-09-12T13:50:00Z,190,20,8,10,180,Beautiful morning for a walk. Nature is healing. #nature #mindfulness
demo@example.com,instagram,post_12388,2025-09-13T18:15:00Z,280,35,15,18,0,Just had an amazing photoshoot. Can't wait to share the results! #photography #creativity
demo@example.com,instagram,post_12389,2025-09-14T10:40:00Z,75,6,2,4,0,Not sure how much longer I can keep this up. Everything feels so heavy. #overwhelmed
demo@example.com,instagram,post_12390,2025-09-15T15:05:00Z,240,30,13,16,0,Great workshop today. Learned so much! #learning #growth
demo@example.com,instagram,post_12391,2025-09-16T19:30:00Z,85,7,3,5,120,Some days are just harder than others. #toughday
demo@example.com,instagram,post_12392,2025-09-17T12:55:00Z,260,32,14,17,0,Beautiful day for a road trip! #adventure #travel
demo@example.com,instagram,post_12393,2025-09-18T08:20:00Z,50,3,1,2,0,Sometimes I wonder if anyone would care if I was gone. #lonely
demo@example.com,instagram,post_12394,2025-09-19T16:45:00Z,220,25,10,12,0,Great meeting with a potential client today. Exciting things ahead! #work #opportunity
demo@example.com,instagram,post_12395,2025-09-20T21:10:00Z,95,8,3,5,0,Not sure what's wrong with me. Can't seem to find joy in anything. #depressed
demo@example.com,instagram,post_12396,2025-09-21T11:35:00Z,270,35,15,18,0,Beautiful fall day. Love this time of year! #autumn #seasons
demo@example.com,instagram,post_12397,2025-09-22T14:00:00Z,60,4,1,3,0,Why does everything feel so difficult? #overwhelmed
demo@example.com,instagram,post_12398,2025-09-23T18:25:00Z,200,22,9,11,0,Great workout today. Endorphins are flowing! #fitness #health
demo@example.com,instagram,post_12399,2025-09-24T09:50:00Z,35,2,0,1,0,Not sure if I can do this anymore. #givingup
demo@example.com,instagram,post_12400,2025-09-25T14:15:00Z,250,28,12,15,0,Amazing response to our new product launch! So grateful for all the support. #gratitude #launch
